SVCsms,r6qjDETfB54bxl,SMS Service Account
SVCsmssql,6272CGYOPRHdln,SQL Server Service Account
SVCsmsclient_s01_a,o8gkVq4Y8IyQmj,SMS Client Connection Account A (S01)
SVCsmsclient_s02_a,lYLGEm5XOPYi5V,SMS Client Connection Account A (S02)
SVCsmsclient_s03_a,5rEMOjZY1CT46N,SMS Client Connection Account A (S03)
SVCsmsclient_s04_a,6f3814sFy3hchv,SMS Client Connection Account A (S04)
SVCsmsclient_s05_a,S9O2Ox5grUKCUY,SMS Client Connection Account A (S05)
SVCsmsclient_s06_a,4M9TOKBXTOgG5v,SMS Client Connection Account A (S06)
SVCsmsclient_s07_a,N7N7G7XiQwAv1M,SMS Client Connection Account A (S07)
SVCsmsclient_s08_a,QC16ULHG8na7PQ,SMS Client Connection Account A (S08)
SVCsmsclient_s09_a,2pCjm4NU7cU40s,SMS Client Connection Account A (S09)
SVCsmsclient_s0a_a,vn2PbEJgbNS387,SMS Client Connection Account A (S0A)
SVCsmsclient_s0b_a,lSXXXnv1m1OC6Y,SMS Client Connection Account A (S0B)
SVCsmsclient_s0c_a,Ny0tg4147PR1lz,SMS Client Connection Account A (S0C)
SVCsmsclient_s0d_a,5CWMNyYQq3ehT2,SMS Client Connection Account A (S0D)
SVCsmsclient_s0e_a,8UDsHXUGmaEfFQ,SMS Client Connection Account A (S0E)
SVCsmsclient_s0f_a,4M2118AVP6zC5E,SMS Client Connection Account A (S0F)
SVCsmsclient_s10_a,F2NXtIjQJsR3U3,SMS Client Connection Account A (S10)
SVCsmsclient_s11_a,OFLN7P6BOZ5cW3,SMS Client Connection Account A (S11)
SVCsmsclient_s12_a,FLYJ2Dcm3V5Y9n,SMS Client Connection Account A (S12)
SVCsmsclient_s13_a,WLMU56uNC6B1Fp,SMS Client Connection Account A (S13)
SVCsmsclient_s14_a,VN5XWZDD4GP2bp,SMS Client Connection Account A (S14)
SVCsmsclient_s15_a,EXLPRStOkV5VMA,SMS Client Connection Account A (S15)
SVCsmsclient_s16_a,o62Y0JZvH9g7HV,SMS Client Connection Account A (S16)
SVCsmsclient_s17_a,lFY8GTXG3jvVkY,SMS Client Connection Account A (S17)
SVCsmsclient_s18_a,XT2VM7yJkVjIR6,SMS Client Connection Account A (S18)
SVCsmsclient_s19_a,PLuE7WL81T7r9s,SMS Client Connection Account A (S19)
SVCsmsclient_s1a_a,09R2EORKC75B2G,SMS Client Connection Account A (S1a)
SVCsmsclient_s1b_a,XPG3l43LV4rXC2,SMS Client Connection Account A (S1b)
SVCsmsclient_s1c_a,DD9aP2q0nLAx5W,SMS Client Connection Account A (S1C)
SVCsmsclient_s1d_a,42S7X93daCCyyB,SMS Client Connection Account A (S1D)
SVCsmsclient_s1e_a,yfIgiwOM66KO2Q,SMS Client Connection Account A (S1E)
SVCsmsclient_s1f_a,Ls14PFE7QPcKO5,SMS Client Connection Account A (S1F)
SVCsmsclient_s20_a,JYiBmZc1O1yJRT,SMS Client Connection Account A (S20)
SVCsmsclient_s21_a,3AQMHafnNeTLH7,SMS Client Connection Account A (S21)
SVCsmsclient_s22_a,uJ3036fQoOqgc2,SMS Client Connection Account A (S22)
SVCsmsclient_s23_a,lx7rNRWeta8OIK,SMS Client Connection Account A (S23)
SVCsmsclient_s24_a,7yE7TGpWkkvDLc,SMS Client Connection Account A (S24)
SVCsmsclient_s25_a,2SfH2Ke6JtFxD0,SMS Client Connection Account A (S25)
SVCsmsclient_s26_a,MRHFOrMu235iqH,SMS Client Connection Account A (S26)
SVCsmsclient_s01_b,SWD89YhsQKPOOB,SMS Client Connection Account B (S01)
SVCsmsclient_s02_b,DjHd176UhSO7LS,SMS Client Connection Account B (S02)
SVCsmsclient_s03_b,8Q1NrLRPCFHRfi,SMS Client Connection Account B (S03)
SVCsmsclient_s04_b,bBihS3Sy1w9d6b,SMS Client Connection Account B (S04)
SVCsmsclient_s05_b,3B6DOzJ4F67Cb5,SMS Client Connection Account B (S05)
SVCsmsclient_s06_b,oKuY53l72FVnuU,SMS Client Connection Account B (S06)
SVCsmsclient_s07_b,DQKhI1D4sQPhl6,SMS Client Connection Account B (S07)
SVCsmsclient_s08_b,pO0J4fsMNuEr7e,SMS Client Connection Account B (S08)
SVCsmsclient_s09_b,7CKWMS8r7F0YoW,SMS Client Connection Account B (S09)
SVCsmsclient_s0a_b,C3S7MiHUCG2FZm,SMS Client Connection Account B (S0A)
SVCsmsclient_s0b_b,Si74xWDjG5ImWP,SMS Client Connection Account B (S0B)
SVCsmsclient_s0c_b,QXK9CY2IqODDuV,SMS Client Connection Account B (S0C)
SVCsmsclient_s0d_b,NJITKX3JL124Rl,SMS Client Connection Account B (S0D)
SVCsmsclient_s0e_b,8Xy5GOm18g3LIn,SMS Client Connection Account B (S0E)
SVCsmsclient_s0f_b,S582xE7W46U152,SMS Client Connection Account B (S0F)
SVCsmsclient_s10_b,BKAPXIGhb2BQoN,SMS Client Connection Account B (S10)
SVCsmsclient_s11_b,CL7N3M46qX4BC9,SMS Client Connection Account B (S11)
SVCsmsclient_s12_b,KY6Ft4N2qvyC3Y,SMS Client Connection Account B (S12)
SVCsmsclient_s13_b,I6oa85gU398J9V,SMS Client Connection Account B (S13)
SVCsmsclient_s14_b,V55XJE7MPYMRH7,SMS Client Connection Account B (S14)
SVCsmsclient_s15_b,kFIFPQByZaB5U3,SMS Client Connection Account B (S15)
SVCsmsclient_s16_b,H6CFB52VXyJ2V1,SMS Client Connection Account B (S16)
SVCsmsclient_s17_b,CD1kt82D1PhqPc,SMS Client Connection Account B (S17)
SVCsmsclient_s18_b,iCcx1QhfILE9kP,SMS Client Connection Account B (S18)
SVCsmsclient_s19_b,5rT0Pv4X33Lz1Y,SMS Client Connection Account B (S19)
SVCsmsclient_s1a_b,5IYB4PlWkS7Ex3,SMS Client Connection Account B (S1A)
SVCsmsclient_s1b_b,S5y3QeOEIcJp3U,SMS Client Connection Account B (S1B)
SVCsmsclient_s1C_b,CcUVZfiDmJB4Nc,SMS Client Connection Account B (S1C)
SVCsmsclient_s1D_b,X3D6dVWLVWnR4C,SMS Client Connection Account B (S1D)
SVCsmsclient_s1E_b,GRDqKoMpYOyNWQ,SMS Client Connection Account B (S1E)
SVCsmsclient_s1F_b,F9S97V2LRdMD41,SMS Client Connection Account B (S1F)
SVCsmsclient_s20_b,Wu21IL7ZST4KRq,SMS Client Connection Account B (S20)
SVCsmsclient_s21_b,do7rePGQVCICOo,SMS Client Connection Account B (S21)
SVCsmsclient_s22_b,8Q6b8U84UD6EH8,SMS Client Connection Account B (S22)
SVCsmsclient_s23_b,VOKRamMsF6i3Eg,SMS Client Connection Account B (S23)
SVCsmsclient_s24_b,UT044hvyuX7G08,SMS Client Connection Account B (S24)
SVCsmsclient_s25_b,A3G2Y3J98529MI,SMS Client Connection Account B (S25)
SVCsmsclient_s26_b,F3b5WU4d42DDWl,SMS Client Connection Account B (S26)
SVCsmssender_zzz,KHIURX5BB95H9W,SMS LAN Sender Account (ZZZ)
SVCsmssender_p01,kocGPB0z7P6bI3,SMS LAN Sender Account (P01)
SVCsmssender_p02,5Tk8zmXMQyw6t9,SMS LAN Sender Account (P02)
SVCsmssender_s01,VHKpI08BQ6i8A6,SMS LAN Sender Account (S01)
SVCsmssender_s02,3R37DKMJmYZcV7,SMS LAN Sender Account (S02)
SVCsmssender_s03,mFzhC2P2c4QGG3,SMS LAN Sender Account (S03)
SVCsmssender_s04,8SO7PTLi5Z4XEY,SMS LAN Sender Account (S04)
SVCsmssender_s05,Sv4rn9xF54vWV2,SMS LAN Sender Account (S05)
SVCsmssender_s06,7dRFetR2To8G17,SMS LAN Sender Account (S06)
SVCsmssender_s07,5wg74ZUWhevxPe,SMS LAN Sender Account (S07)
SVCsmssender_s08,3xW44VE6eeQG9i,SMS LAN Sender Account (S08)
SVCsmssender_s09,ZS1eClZnh7c6AB,SMS LAN Sender Account (S09)
SVCsmssender_s0a,ZT35hP4K7SYXHh,SMS LAN Sender Account (S0A)
SVCsmssender_s0b,6cPHYCRGG8ROON,SMS LAN Sender Account (S0B)
SVCsmssender_s0c,OEYWQxdXbDUJiB,SMS LAN Sender Account (S0C)
SVCsmssender_s0d,32rI19vs15eHiL,SMS LAN Sender Account (S0D)
SVCsmssender_s0e,n1nlmTJW96dnVt,SMS LAN Sender Account (S0E)
SVCsmssender_s0f,EpcymTRoCEWVNj,SMS LAN Sender Account (S0F)
SVCsmssender_s10,7pOK7MlSDrM33G,SMS LAN Sender Account (S10)
SVCsmssender_s11,P58UV3KTrVNFwY,SMS LAN Sender Account (S11)
SVCsmssender_s12,cXqTU3FZSVnRRd,SMS LAN Sender Account (S12)
SVCsmssender_s13,ON8xvjkkAVNTGt,SMS LAN Sender Account (S13)
SVCsmssender_s14,Kn7O5GpzLX44O4,SMS LAN Sender Account (S14)
SVCsmssender_s15,15m3WPYx1DSxyj,SMS LAN Sender Account (S15)
SVCsmssender_s16,rD3RqTC279RIyL,SMS LAN Sender Account (S16)
SVCsmssender_s17,6Bp6HpR66XtmPd,SMS LAN Sender Account (S17)
SVCsmssender_s18,bny11dGWL2Xf7l,SMS LAN Sender Account (S18)
SVCsmssender_s19,dBQf0b0OlB6h1q,SMS LAN Sender Account (S19)
SVCsmssender_s1a,5WOPPmgJ1bFQBB,SMS LAN Sender Account (S1A)
SVCsmssender_s1b,5TVWF36luQDN71,SMS LAN Sender Account (S1B)
SVCsmssender_s1c,NlPCNkHt6C0JwC,SMS LAN Sender Account (S1C)
SVCsmssender_s1d,LETOJDIM1MKKFd,SMS LAN Sender Account (S1D)
SVCsmssender_s1e,ETN1PK2LafB8On,SMS LAN Sender Account (S1E)
SVCsmssender_s1f,PkSNhs7AMO35FS,SMS LAN Sender Account (S1F)
SVCsmssender_s20,YknSjM93dKKzGQ,SMS LAN Sender Account (S20)
SVCsmssender_s21,AiL1f6VQ8OkQFi,SMS LAN Sender Account (S21)
SVCsmssender_s22,I36365YsyaJ8jS,SMS LAN Sender Account (S22)
SVCsmssender_s23,GZ48me5A1ln6QY,SMS LAN Sender Account (S23)
SVCsmssender_s24,7RTQidSm73v3G5,SMS LAN Sender Account (S24)
SVCsmssender_s25,9fnPBrV26tFOMY,SMS LAN Sender Account (S25)
SVCsmssender_s26,yTqEi4K7SCR5OT,SMS LAN Sender Account (S26)
