"processexplorer.exe","Aspen Process Explorer","Infoplus.21","Infoplus.21","The Aspen Process Explorer is a charting tool for data stored in the Infoplus.21 historian. It is currently only used with the HBI CIM 3/4."
"bhpio phone reports.mdb","BHPIO Phone Reporting","Access 97","Oracle 7","The BHPIO Phone Reporting tool is a front end reporting application for the phone directory."
"phone.exe","BHPIO Phones","VB 5","Oracle 7","Front end for SAP HR data."
"busobj.exe","Business Objects","Business Objects","Oracle","BusinessObjects is a general-purpose enquiry and reporting tool which enables users to access data in corporate databases using a Windows graphical user interface."
"cable.mdb","Cables","Access V2","Access V2","?"
"mims.exe","Capital or MIMS","Mint 32","Unix Mincom","Maintenance Improvement Management System used for raising works orders for the Warehouse and for reporting on costs and operating statistics."
"mims.exe","Capital or MIMS","Extra","CICS/COBOL/DB1","The Capital Accounting System maintains asset details for Projects Finance and tax requirements."
"cepacs.exe","Cepacs","VB 3","Oracle","Project/materials management software for HBI construction."
"chaplaincy.mdb","Chaplaincy System","Access 95","Access 95","The Chaplaincy System is a client/server application using access 7.0 for the client and server end. The aim of the system is to record details of consultations with the Industrial Chaplain by employees and contractors (or their family members) of BHP Ir"
"confined spaces.mdb","Confined Spaces","Access 97","Oracle","The purpose of the system is to provide a register of all confined spaces which exist on work sites and any relevant details regarding access to and for performing work upon the confined space."
"crsproj.exe","Crew Rostering","VB 5","Oracle 7","The aim of the system is to provide a means of rostering crews onto shifts and keeping track of individual employee hours. As well as planning overtime hours for the following week."
"rolcin01.exe","Delay Investigation","Centra 16","Oracle","Allows the investigation analysis and reporting of delays in the Railroad system."
"docsrc.mdb","DocFinder","Access V2","Oracle","This system is used to look up document details stored in the DocsOpen Oracle database."
"workspace.exe","Documentum","Shelf Package","Oracle","Documentum is a document control system. There are two versions Workspace used by the document control officers and Smartspace used by most users for viewing and amending documents."
"smartspace.exe","Documentum","Shelf Package","Oracle","Documentum is a document control system. There are two versions Workspace used by the document control officers and Smartspace used by most users for viewing and amending documents."
"donation.mdb","Donations","Access 95","Oracle","Means of recording details of donations and sponsorship given to organisations by BHP Iron Ore."
"da.mdb","Drug & Alcohol","Access","Oracle","The Drug & Alcohol Random Selection System is used to randomly select a person from a group for participation in the drug and alcohol testing."
"edisview.exe","Engineering Drawing Imaging System","VB 4 Kofax Network Viewer 1.5","Access 7",
"equipops.mdb","Equipment Register or Instrument Database","Access v2","Access v2",
"pqviewpl.fmx","Equipment Scheduling","Oracle Forms","Oracle","The Equipment Scheduling System allows a user to produce modify and store daily plans which are used to schedule the use of major equipment (like car dumpers and reclaimers) in Nelson Point."
"pqesched.fmx","Equipment Scheduling","Oracle Forms","Oracle","The Equipment Scheduling System allows a user to produce modify and store daily plans which are used to schedule the use of major equipment (like car dumpers and reclaimers) in Nelson Point."
"safety.mdb","HBI Safety or MQ (Mine Quality)","Access V2","Access V2",
"hr.mdb","HR Tracking","Access V2","Access V2",
"roicmn01.exe","Incident Recording","Access 97 Centura 16 Business Objects","Oracle","Allows the recording, analysis and reporting of incidents in the Railroad system."
"spc.exe","LIMS",,"Oracle","At Boodarie lab, LIMS registers samples collects data from lab instruments calculates values and reports to other systems. Used to manage KPIs automate many laboratory tasks. Also in use at Newman and Cannington. Supplier is Comlabs."
"ccmd.exe","LIMS",,"Oracle","At Boodarie lab, LIMS registers samples collects data from lab instruments calculates values and reports to other systems. Used to manage KPIs automate many laboratory tasks. Also in use at Newman and Cannington. Supplier is Comlabs."
"eventlog.exe","LIMS",,"Oracle","At Boodarie lab, LIMS registers samples collects data from lab instruments calculates values and reports to other systems. Used to manage KPIs automate many laboratory tasks. Also in use at Newman and Cannington. Supplier is Comlabs."
"cclass.exe","LIMS",,"Oracle","At Boodarie lab, LIMS registers samples collects data from lab instruments calculates values and reports to other systems. Used to manage KPIs automate many laboratory tasks. Also in use at Newman and Cannington. Supplier is Comlabs."
"comlog.exe","LIMS",,"Oracle","At Boodarie lab, LIMS registers samples collects data from lab instruments calculates values and reports to other systems. Used to manage KPIs automate many laboratory tasks. Also in use at Newman and Cannington. Supplier is Comlabs."
"wintask.exe","LIMS",,"Oracle","At Boodarie lab, LIMS registers samples collects data from lab instruments calculates values and reports to other systems. Used to manage KPIs automate many laboratory tasks. Also in use at Newman and Cannington. Supplier is Comlabs."
"rolofr01.exe","Loco Failure Recording","Access97","Oracle 7.3","Systems provides for the recording of Locomotive failures so that a history of these are filed."
"rmp.exe","Machine Risk Maint. Plan","Access97","Orcle 7","This is an MS Access database used by engineers to assess machine risk."
"rmp_help.chm","Machine Risk Maint. Plan","Access97","Orcle 7","This is an MS Access database used by engineers to assess machine risk."
"mqmenu.fmx","Mine Quality","oracle forms","Oracle","The Mine Quality system is used for the recording analysis and reporting of the ore grades tonnes and movements of Whaleback Ore."
"secur1.fmx","Mine Quality","oracle forms","Oracle","The Mine Quality system is used for the recording analysis and reporting of the ore grades tonnes and movements of Whaleback Ore."
"minetrak.exe","MineTrak","vb 5","C MSMQ SQL VB5","MineTrak was developed by Comlabs Systems & Designs to record track and process materials (iron-ore) as it flows from the trains through stockpiles and plants and onto ships."
"pqcs.exe","MineTrak","vb 5","C MSMQ SQL VB5","MineTrak was developed by Comlabs Systems & Designs to record track and process materials (iron-ore) as it flows from the trains through stockpiles and plants and onto ships."
"msp.exe","MineTrak","vb 5","C MSMQ SQL VB5","MineTrak was developed by Comlabs Systems & Designs to record track and process materials (iron-ore) as it flows from the trains through stockpiles and plants and onto ships."
"mod_proposal_v7.mdb","Modification Proposal System","Access 97","Access 97","The aim of the system is to provide the way for the users to manage the Modification Proposal and their associated Workpacks. The system is also used for creating the Concession Requests and Transmittal Details."
"mpqc.exe","MPQC Satellites or MPQC Yarrie or MPQC Yandi","Access 7 / Centura 32","Oracle","Used by the Satellites' Mine Planners for the recording analysis and reporting of the ore grades, tonnes and movements of the Orebodies 23 and Jimblebar."
"mpqc.exe","MPQC Satellites or MPQC Yarrie or MPQC Yandi","Centura 32","Oracle 7","Used by the Yarrie Mine Planners for the recording analysis and reporting of ore grades, tonnes and ore movements from the Yarrie and Nimingarra."
"mpqc.exe","MPQC Satellites or MPQC Yarrie or MPQC Yandi","Centura","Oracle 7.3","A replacement for the MQ Mainframe system to allow Yandi users to enter train Estimates."
"mpr.exe","MPR","Excel 7 Centura 16","Oracle","Used by Finance to accumulate statistics for management performance reporting."
"mqasssay.fmx","MQ OPD - Assayed & Verified Grades","Oracle Forms","Oracle","These two forms are used to provide information on ore assayed and verified over a user specified period of time. This information is placed into both a text and Excel file."
"mqvergrd.fmx","MQ OPD - Assayed & Verified Grades","Oracle Forms","Oracle","These two forms are used to provide information on ore assayed and verified over a user specified period of time. This information is placed into both a text and Excel file."
"mq h2o results.mdb","MQ Smoothed H20","Access 7","Oracle","Provides information for the Ore Graders about the ""wetness"" of the ore over the past 100 production periods plotted against targets and limits as set by the Quality Control Supervisor."
"mq lump results.mdb","MQ Smoothed Lump","Access 7","Oracle","This page covers the ""mq crs lump results"" (for the crushers) and ""mq all lump results"" (for all contributors) applications. Each application is made up of two Access database files one for setting controls and the other for displaying the results graphs"
"mq lump results-control.mdb","MQ Smoothed Lump","Access 7","Oracle","This page covers the ""mq crs lump results"" (for the crushers) and ""mq all lump results"" (for all contributors) applications. Each application is made up of two Access database files one for setting controls and the other for displaying the results graphs"
"hbiohs.mdb","OHS Reports","Access 7","Oracle","Used to produce reports on incidents, hazards and actions that have been recorded in the ORM System. It also produces KPI figures on Incidents and actions."
"ioohs.mdb","OHS Reports","Access 7","Oracle","Used to produce reports on incidents, hazards and actions that have been recorded in the ORM System. It also produces KPI figures on Incidents and actions."
"ohs.mdb","OHS Reports","Access 7","Oracle","Used to produce reports on incidents, hazards and actions that have been recorded in the ORM System. It also produces KPI figures on Incidents and actions."
"metbal interface.mdb","OPD MetAccount Interface","Access 97","Access97 Oracle","The purpose of the OPD MetAccount Interface application is to allow authorised users to transfer data from the JKMetAccount package into the Production Recording System (PRS)."
"opdoismis.exe","OPD OIS/MIS Configuration Application","VB 5","Oracle 7.3","Provides the interface for configuring the data capture information requesting this information be loaded into the Data Transfer System and requesting variable and alarm tag definitions be loaded from the OIS to the MIS."
"metbal.exe","OPP Metbal","VB 5","Oracle","Metallurgical mass balance system for BHP Hot Briquetted Iron."
"signals.exe","OPP Signals","VB 5","Oracle","Used to define all the PLC signal names at the Ore Preparation Plant at Boodarie."
"corr.mdb","Ops Correspondence Register","Access 97","Access 97",
"ormgcs.exe","ORM","Inform GCS","Oracle","The ORM system is used for recording incidents, hazards, injuries and absences that occur to BHP staff."
"ots.exe","OTS","VB 5 Crystal Reports","Oracle PL/SQL","The purpose of the Operations Training System (OTS) is to record the training history and competencies of HBI employees and to schedule future training courses."
"paoper.fmx","PARIS","Oracle Forms","Oracle","The PARIS system is used to provide information on plant productivity, availability and utilisation as well as delay and breakdown detail over extended periods of time."
"paopper*","PARIS","Oracle Forms","Oracle","The PARIS system is used to provide information on plant productivity, availability and utilisation as well as delay and breakdown detail over extended periods of time."
"permints.mdb","Permits","Access V2","Access V2",
"pcr.mdb","Pre-Commissioning Reg","Access V2","Oracle","Tracks the status of various types and locations of equipment on the HBI plant prior to commissioning through the use of check-lists."
"reg_com.mdb","Pressure Vessels","Access V2","Access V2",
"prs.exe","Production Recording System","VB 5 Crystal Reports","Oracle PL/SQL C++","The PRS is a data recording, analysis and reporting system used for managing a materials processing plant. Information relating to production volumes and plant availability is recorded by the PRS as well as ancillary information."
"pvaappl.mdb","Project Value & Analysis","Access V2","Access V2",
"roeladm01.exe","Railroad Operations","Centura 16 Access 97","Oracle 7.3","Shows movement of Rolling stock and Loco details with information concerning delays."
"roeltc01.exe","Railroad Operations","Centura 16 Access 97","Oracle 7.3","Shows movement of Rolling stock and Loco details with information concerning delays."
"roelyc01.exe","Railroad Operations","Centura 16 Access 97","Oracle 7.3","Shows movement of Rolling stock and Loco details with information concerning delays."
"tagmon.exe","Railroad Operations","Centura 16 Access 97","Oracle 7.3","Shows movement of Rolling stock and Loco details with information concerning delays."
"roelsh01.exe","Railroad Operations","Centura 16 Access 97","Oracle 7.3","Shows movement of Rolling stock and Loco details with information concerning delays."
"roelce01.exe","Railroad Operations","Centura 16 Access 97","Oracle 7.3","Shows movement of Rolling stock and Loco details with information concerning delays."
"rofr01.exe","Railroad Operations","Centura 16 Access 97","Oracle 7.3","Shows movement of Rolling stock and Loco details with information concerning delays."
"roicmn01.exe","Railroad Operations","Centura 16 Access 97","Oracle 7.3","Shows movement of Rolling stock and Loco details with information concerning delays."
"roicin01.exe","Railroad Operations","Centura 16 Access 97","Oracle 7.3","Shows movement of Rolling stock and Loco details with information concerning delays."
"rolofr01.exe","Railroad Operations","Centura 16 Access 97","Oracle 7.3","Shows movement of Rolling stock and Loco details with information concerning delays."
"roells01.exe","Railroad Operations","Centura 16 Access 97","Oracle 7.3","Shows movement of Rolling stock and Loco details with information concerning delays."
"roeloc01.exe","Railroad Operations","Centura 16 Access 97","Oracle 7.3","Shows movement of Rolling stock and Loco details with information concerning delays."
"roelsc01.exe","Railroad Operations","Centura 16 Access 97","Oracle 7.3","Shows movement of Rolling stock and Loco details with information concerning delays."
"roscfr01.exe","Railroad Operations","Centura 16 Access 97","Oracle 7.3","Shows movement of Rolling stock and Loco details with information concerning delays."
"roelst01.exe","Railroad Operations","Centura 16 Access 97","Oracle 7.3","Shows movement of Rolling stock and Loco details with information concerning delays."
"roelst02.exe","Railroad Operations","Centura 16 Access 97","Oracle 7.3","Shows movement of Rolling stock and Loco details with information concerning delays."
"ronl.idc","Railroad Operations","Centura 16 Access 97","Oracle 7.3","Shows movement of Rolling stock and Loco details with information concerning delays."
"rowim002.exe","Railroad Operations","Centura 16 Access 97","Oracle 7.3","Shows movement of Rolling stock and Loco details with information concerning delays."
"rowim001.exe","Railroad Operations","Centura 16 Access 97","Oracle 7.3","Shows movement of Rolling stock and Loco details with information concerning delays."
"recognition system.mdb","Recognition","Access 7","Access 7","The recognition system is designed to record when an employee has an inury that involves lost time (LTI). If an employee goes for a period of time (1 year 2 years etc) without having an LTI the system will notify the OHS Department."
"recsys.mdb","Recruitment","Access 7","Access 7","The aim of this system is to provide Shared Services with a means of tracking employment positions available and applications received."
"rechbi.mdb","Recruitment","Access 7","Access 7","The aim of this system is to provide Shared Services with a means of tracking employment positions available and applications received."
"newrecdb.mdb","Recruitment","Access 7","Access 7","The aim of this system is to provide Shared Services with a means of tracking employment positions available and applications received."
"maxmain.exe","Rolling Stock Maintenance","Centura 32","Oracle 8","Rolling Stock Maintenance for the Ore Car repair shop. The system tracks the component and maintenance history of the ore cars which are processed through the Ore Car Repair Shop located at Nelson Point."
"srs.mdb","Salary Review","Access 95","Oracle 7 Access 95","The purpose of this system is to coordinate and streamline the Salary Review process and production of salary letters for the organisation. The system also allows managers to view their employees' details at any time during the year."
"smosa.exe","Sales Management","Centura 32","Oracle","The Sales Management System provides sales contract maintenance ore sales accounting and debtor control facilities for Perth Office."
"smship.exe","Sales Management","Centura 32","Oracle","The Sales Management System provides sales contract maintenance ore sales accounting and debtor control facilities for Perth Office."
"smcon.exe","Sales Management","Centura 32","Oracle","The Sales Management System provides sales contract maintenance ore sales accounting and debtor control facilities for Perth Office."
"smdbt.exe","Sales Management","Centura 32","Oracle","The Sales Management System provides sales contract maintenance ore sales accounting and debtor control facilities for Perth Office."
"samplereg.exe","Sample Registration","VB 5","Oracle 7","The purpose of the Sample Registration System is to store the details of all samples taken in both the OPP and HBI Plant. When samples and their assays are entered into the Sample Registration System they become available to other MIS applications."
"supply savings database.mde","Supply Savings Database","Access 97","Access 97","Database used by BHP IO supply department to record savings."
"tenders.mdb","Tenders","Access V2","Access V2",
"tmlr.exe","Track Management","Access 97","Oracle 7.3","Systems provides information relating to Track Management."
"tmdr.exe","Track Management","Access 97","Oracle 7.3","Systems provides information relating to Track Management."
"tmer.exe","Track Management","Access 97","Oracle 7.3","Systems provides information relating to Track Management."
"tmmd.exe","Track Management","Access 97","Oracle 7.3","Systems provides information relating to Track Management."
"tmwr.exe","Track Management","Access 97","Oracle 7.3","Systems provides information relating to Track Management."
"tmwg.exe","Track Management","Access 97","Oracle 7.3","Systems provides information relating to Track Management."
"tmrp9701.mdb","Track Management","Access 97","Oracle 7.3","Systems provides information relating to Track Management."
"docreg.mdb","Transmittals","Access V2","Access V2","Works in conjunction with DocsOpen. Monitors documents used in HBI Construction as they are sent and recived by Document Control."
"viewgrades.fmx","View Grades Screen","Oracle Forms","Oracle","The view Grades screen show the grades for Ore coming out of the Benefication Plant. The grades displayed are those recorded in the Mine Quality System which samples the Ore each hour. The grades displayed are limited to the Major Elements."
"wrs9701.mdb","Weighbridge Reporting 97","Access 97","Oracle 7.3","Facilitates the reporting of information relating to Train Vehicles."
